id	data	dur_min	views	canal	titulo	consulta
ZCSkvBUUddI	20260925	15	110	Seus Produtos Na Internet	ROAS DINÂMICO: A NOVA FUNÇÃO DO MERCADO LIVRE ADS!	ROAS objetivo Mercado Livre Ads
7h4R4KPK9bw	20260925	6	8	Milewa	Full vale a pena? Quem paga o frete no Mercado Livre e Shopee	custo estoque antigo Full Mercado Livre
upVnEGAYiXc	20260922	11	15646	Marketfacil	O Mercado Livre Mudou o Ads de Novo: O que Presta?	ACOS Mercado Livre Ads qual usar
72nX2ogs8xE	20260831	22	25271	Bruno Maciel - Vendas Online	MERCADO LIVRE ADS PUBLICIDADE - PRODUCT ADS NA PRÁTICA AULA 1	Product Ads Mercado Livre configurar campanha
sXRvihoAh9A	20260830	8	461	Fica Fácil Assim C/ Everton Duran	NOVAS TARIFAS Mercado Livre 2026: Cuidado Para Não Vender no Prejuízo! #evertonduran	tarifa Mercado Livre 2026 mudanca custo peso
LimTOaRTLtY	20260829	5	251	Código Shop	Como mantenho meus ANÚNCIOS em ALTA no MERCADO LIVRE	Mercado Livre algoritmo ranqueamento anuncio
swCx36qRg0w	20260827	20	6755	Milton P Rabello	ANUNCIO CLASSICO OU PREMIUM? A RESPOSTA NÃO É ÓBVIA (MERCADO LIVRE DO ZERO ABSOLUTO).	anuncio classico ou premium Mercado Livre
0InXzo24tWg	20260827	1	76	IC7 ACADEMY BI	Mercado Livre mudou sua estratégia: Clássico x Premium explicado | IC7	anuncio classico ou premium Mercado Livre
BSNDMsezcbc	20260825	15	2377	Ivan Saldanha	O JEITO CERTO DE CRIAR UM ANÚNCIO NO MERCADO LIVRE! Não erre na hora de criar seu anúncio!	titulo Mercado Livre caracteres limite
So23jhRR900	20260814	5	240	Itamar Rocha	Score do Anúncio no #Mercado Livre #chrome | IA Para Marketplaces	titulo Mercado Livre caracteres limite
KvVyJlYt6w0	20260812	15	22318	Bruno Gontijo - Ecommerce / Onicanal	Mercado Livre: Novos Custos para Vender em Agosto de 2026	tarifa Mercado Livre 2026 mudanca custo peso
KPvPvwmTUC8	20260812	7	411	diegorojasseller	CHEGA DE PERDER VENDA! Onde Colocar as PALAVRAS-CHAVE no Mercado Livre (Título e Ficha Técnica)	titulo Mercado Livre caracteres limite
qPVIEY_Fg_E	20260810	2	1061	Vendedores Mercado Livre Brasil	Desmistificando Full EP 01 - O que são os produtos Estrela?	custo estoque antigo Full Mercado Livre
-javeW5ePCg	20260810	14	2136	Empresa em Ação - Fabio Ludke e Gabrie	Como criar ANÚNCIO no Mercado Livre com IA + Campanha no Ads Mercado Livre do Zero!	titulo Mercado Livre caracteres limite
vROtKC6S1yQ	20260806	2	6	ViraLucro	Como funciona a análise de um anúncio de catálogo — ViraLucro	catalogo Mercado Livre buy box ganhar
JgvBGBYlKAM	20260804	10	594	Sidinei_cordeiro	Como Montar uma Campanha Perfeita no Mercado Livre Ads	Product Ads Mercado Livre configurar campanha
